lnxmrxkxx,360dc53c-cc9b-3867-8283-74e7358e7202
headbangerboy007,5ba573d2-64a6-37af-b39b-b7470419bb0b
reone_,8fcc0b90-43bc-38cf-a200-cb3d6a45fc6e
her0br1ne2011,5e32e896-c7db-3c3a-b08f-7821072271ba
qwertyotas,e9b25978-9c86-3600-9b6c-0fe6b9ad1150
bandera1488,35ee1d21-aef4-3c7e-a3b6-62c3b16cc614
seasky611,48e09b56-9198-3c2f-ac19-f2f0a835700a
aguzok1337,432fe397-1359-3de1-83ed-59aa6b9cb865
alik1471,129d5749-68a3-3f58-9fda-9c79c18f49a2
yxngh,97d7fa31-fc3d-387e-a9b7-f00c891584e6
niggerkiller,a7b15d3d-d83e-3da1-9163-211487a04e89
gosharubchinskii,b1de91b5-7aa8-3ded-a16c-c14eb957ac98
melzy,ce2c7fb5-70ce-336c-b575-6616ad5e86f5
